char_id,ontology,list_of_finest_character
1,hao,"http://purl.obolibrary.org/obo/HAO_0000234"
1,pato,"http://purl.obolibrary.org/obo/PATO_0000070"
2,hao,"http://purl.obolibrary.org/obo/HAO_0001432"
2,pato,"http://purl.obolibrary.org/obo/PATO_0000070"
3,hao,"http://purl.obolibrary.org/obo/HAO_0000419"
3,pato,"http://purl.obolibrary.org/obo/PATO_0000070"
4,hao,"http://purl.obolibrary.org/obo/HAO_0001022"
4,pato,"http://purl.obolibrary.org/obo/PATO_0000140"
5,hao,"http://purl.obolibrary.org/obo/HAO_0001022"
5,pato,"http://purl.obolibrary.org/obo/PATO_0000140"
6,hao,"http://purl.obolibrary.org/obo/HAO_0000105"
6,pato,"http://purl.obolibrary.org/obo/PATO_0000070"
7,hao,"http://purl.obolibrary.org/obo/HAO_0001022"
7,pato,"http://purl.obolibrary.org/obo/PATO_0000052"
8,hao,"http://purl.obolibrary.org/obo/HAO_0000965"
8,pato,"http://purl.obolibrary.org/obo/PATO_0000070"
9,hao,"http://purl.obolibrary.org/obo/HAO_0000212"
9,pato,"http://purl.obolibrary.org/obo/PATO_0000052"
10,hao,"http://purl.obolibrary.org/obo/HAO_0000670"
10,pato,"http://purl.obolibrary.org/obo/PATO_0000140"
11,hao,"http://purl.obolibrary.org/obo/HAO_0000656"
11,pato,"http://purl.obolibrary.org/obo/PATO_0000070"
12,hao,"http://purl.obolibrary.org/obo/HAO_0000347"
12,pato,"http://purl.obolibrary.org/obo/PATO_0000140"
13,hao,"http://purl.obolibrary.org/obo/HAO_0000768"
13,pato,"http://purl.obolibrary.org/obo/PATO_0000140"
14,hao,"ttp://purl.obolibrary.org/obo/HAO_0001218"
14,pato,"http://purl.obolibrary.org/obo/PATO_0000070"
15,hao,"http://purl.obolibrary.org/obo/HAO_0001218"
15,pato,"http://purl.obolibrary.org/obo/PATO_0000140"
16,hao,"http://purl.obolibrary.org/obo/HAO_0001218"
16,pato,"http://purl.obolibrary.org/obo/PATO_0000140"
17,hao,"http://purl.obolibrary.org/obo/HAO_0001218, http://purl.obolibrary.org/obo/HAO_0000978"
17,pato,"http://purl.obolibrary.org/obo/PATO_0000140"
18,hao,"http://purl.obolibrary.org/obo/HAO_0000653"
18,pato,"http://purl.obolibrary.org/obo/PATO_0000070"
19,hao,"http://purl.obolibrary.org/obo/HAO_0000653"
19,pato,"http://purl.obolibrary.org/obo/PATO_0000140"
20,hao,"http://purl.obolibrary.org/obo/HAO_0000275"
20,pato,"http://purl.obolibrary.org/obo/PATO_0000070"
21,hao,"http://purl.obolibrary.org/obo/HAO_0000998"
21,pato,"http://purl.obolibrary.org/obo/PATO_0000052"
22,hao,"http://purl.obolibrary.org/obo/HAO_0002479"
22,pato,"http://purl.obolibrary.org/obo/PATO_0000070"
23,hao,"http://purl.obolibrary.org/obo/HAO_0000456"
23,pato,"http://purl.obolibrary.org/obo/PATO_0000140"
24,hao,"http://purl.obolibrary.org/obo/HAO_0000456"
24,pato,"http://purl.obolibrary.org/obo/PATO_0000052"
25,hao,"http://purl.obolibrary.org/obo/HAO_0000456"
25,pato,"http://purl.obolibrary.org/obo/PATO_0000070"
26,hao,"http://purl.obolibrary.org/obo/HAO_0000456"
26,pato,"http://purl.obolibrary.org/obo/PATO_0000140"
27,hao,"http://purl.obolibrary.org/obo/HAO_0000300"
27,pato,"http://purl.obolibrary.org/obo/PATO_0000141"
28,hao,"http://purl.obolibrary.org/obo/HAO_0000301"
28,pato,"http://purl.obolibrary.org/obo/PATO_0000070"
29,hao,"http://purl.obolibrary.org/obo/HAO_0000301"
29,pato,"http://purl.obolibrary.org/obo/PATO_0000070"
30,hao,"http://purl.obolibrary.org/obo/HAO_0001765"
30,pato,"http://purl.obolibrary.org/obo/PATO_0000070"
31,hao,"http://purl.obolibrary.org/obo/HAO_0001630"
31,pato,"http://purl.obolibrary.org/obo/PATO_0000070"
32,hao,"http://purl.obolibrary.org/obo/HAO_0000456"
32,pato,"http://purl.obolibrary.org/obo/PATO_0000141"
33,hao,"http://purl.obolibrary.org/obo/HAO_0000456"
33,pato,"http://purl.obolibrary.org/obo/PATO_0000915"
34,hao,"http://purl.obolibrary.org/obo/HAO_0000456"
34,pato,"http://purl.obolibrary.org/obo/PATO_0000066"
35,hao,"http://purl.obolibrary.org/obo/HAO_0001550"
35,pato,"http://purl.obolibrary.org/obo/PATO_0000070"
36,hao,"http://purl.obolibrary.org/obo/HAO_0000939"
36,pato,"http://purl.obolibrary.org/obo/PATO_0000070"
37,hao,"http://purl.obolibrary.org/obo/HAO_0000939"
37,pato,"http://purl.obolibrary.org/obo/PATO_0000066"
38,hao,"http://purl.obolibrary.org/obo/HAO_0001565"
38,pato,"http://purl.obolibrary.org/obo/PATO_0000070"
39,hao,"http://purl.obolibrary.org/obo/HAO_0001563"
39,pato,"http://purl.obolibrary.org/obo/PATO_0000117"
40,hao,"http://purl.obolibrary.org/obo/HAO_0002214"
40,pato,"http://purl.obolibrary.org/obo/PATO_0000070"
41,hao,"http://purl.obolibrary.org/obo/HAO_0001019"
41,pato,"http://purl.obolibrary.org/obo/PATO_0000070"
42,hao,"http://purl.obolibrary.org/obo/HAO_0001019"
42,pato,"http://purl.obolibrary.org/obo/PATO_0000070"
43,hao,"http://purl.obolibrary.org/obo/HAO_0002480"
43,pato,"http://purl.obolibrary.org/obo/PATO_0000070"
44,hao,"http://purl.obolibrary.org/obo/HAO_0000506"
44,pato,"http://purl.obolibrary.org/obo/PATO_0000070"
45,hao,"http://purl.obolibrary.org/obo/HAO_0002481"
45,pato,"http://purl.obolibrary.org/obo/PATO_0000070"
46,hao,"http://purl.obolibrary.org/obo/HAO_0000508"
46,pato,"http://purl.obolibrary.org/obo/PATO_0000141"
47,hao,"http://purl.obolibrary.org/obo/HAO_0000108"
47,pato,"http://purl.obolibrary.org/obo/PATO_0000141"
48,hao,"http://purl.obolibrary.org/obo/HAO_0000376"
48,pato,"http://purl.obolibrary.org/obo/PATO_0000052"
49,hao,"http://purl.obolibrary.org/obo/HAO_0000376"
49,pato,"http://purl.obolibrary.org/obo/PATO_0000066"
50,hao,"http://purl.obolibrary.org/obo/HAO_0002210"
50,pato,"http://purl.obolibrary.org/obo/PATO_0000070"
51,hao,"http://purl.obolibrary.org/obo/HAO_0002209"
51,pato,"http://purl.obolibrary.org/obo/PATO_0000070"
52,hao,"http://purl.obolibrary.org/obo/HAO_0002212"
52,pato,"http://purl.obolibrary.org/obo/PATO_0000070"
53,hao,"http://purl.obolibrary.org/obo/HAO_0002232"
53,pato,"http://purl.obolibrary.org/obo/PATO_0000070"
54,hao,"http://purl.obolibrary.org/obo/HAO_0002206"
54,pato,"http://purl.obolibrary.org/obo/PATO_0000052"
55,hao,"http://purl.obolibrary.org/obo/HAO_0000686"
55,pato,"http://purl.obolibrary.org/obo/PATO_0000052"
56,hao,"http://purl.obolibrary.org/obo/HAO_0000686"
56,pato,"http://purl.obolibrary.org/obo/PATO_0000066"
57,hao,"http://purl.obolibrary.org/obo/HAO_0002246"
57,pato,"http://purl.obolibrary.org/obo/PATO_0000070"
58,hao,"http://purl.obolibrary.org/obo/HAO_0002482"
58,pato,"http://purl.obolibrary.org/obo/PATO_0000070"
59,hao,"http://purl.obolibrary.org/obo/HAO_0000933,http://purl.obolibrary.org/obo/HAO_0001866"
59,pato,"http://purl.obolibrary.org/obo/PATO_0000070"
60,hao,"http://purl.obolibrary.org/obo/HAO_0000785"
60,pato,"http://purl.obolibrary.org/obo/PATO_0000070"
61,hao,"http://purl.obolibrary.org/obo/HAO_0002183"
61,pato,"http://purl.obolibrary.org/obo/PATO_0000070"
62,hao,"http://purl.obolibrary.org/obo/HAO_0002183"
62,pato,"http://purl.obolibrary.org/obo/PATO_0000052"
63,hao,"http://purl.obolibrary.org/obo/HAO_0002112,http://purl.obolibrary.org/obo/HAO_0000933"
63,pato,"http://purl.obolibrary.org/obo/PATO_0000070"
64,hao,"http://purl.obolibrary.org/obo/HAO_0002112"
64,pato,"http://purl.obolibrary.org/obo/PATO_0000052"
65,hao,"http://purl.obolibrary.org/obo/HAO_0000457"
65,pato,"http://purl.obolibrary.org/obo/PATO_0000052"
66,hao,"http://purl.obolibrary.org/obo/HAO_0000368"
66,pato,"http://purl.obolibrary.org/obo/PATO_0000052"
67,hao,"http://purl.obolibrary.org/obo/HAO_0000368"
67,pato,"http://purl.obolibrary.org/obo/PATO_0000141"
68,hao,"http://purl.obolibrary.org/obo/HAO_0000958,http://purl.obolibrary.org/obo/HAO_0000933"
68,pato,"http://purl.obolibrary.org/obo/PATO_0000070"
69,hao,"http://purl.obolibrary.org/obo/HAO_0000853"
69,pato,"http://purl.obolibrary.org/obo/PATO_0000052"
70,hao,"http://purl.obolibrary.org/obo/HAO_0000853,http://purl.obolibrary.org/obo/HAO_0000188"
70,pato,"http://purl.obolibrary.org/obo/PATO_0000070"
71,hao,"http://purl.obolibrary.org/obo/HAO_0002287"
71,pato,"http://purl.obolibrary.org/obo/PATO_0000070"
72,hao,"http://purl.obolibrary.org/obo/HAO_0000853,http://purl.obolibrary.org/obo/HAO_0002272"
72,pato,"http://purl.obolibrary.org/obo/PATO_0000122"
73,hao,"http://purl.obolibrary.org/obo/HAO_0000853"
73,pato,"http://purl.obolibrary.org/obo/PATO_0000133"
74,hao,"http://purl.obolibrary.org/obo/HAO_0001031"
74,pato,"http://purl.obolibrary.org/obo/PATO_0000070"
75,hao,"http://purl.obolibrary.org/obo/HAO_0000853"
75,pato,"http://purl.obolibrary.org/obo/PATO_0000052"
76,hao,"http://purl.obolibrary.org/obo/HAO_0000131,http://purl.obolibrary.org/obo/HAO_0000855"
76,pato,"http://purl.obolibrary.org/obo/PATO_0000070"
77,hao,"http://purl.obolibrary.org/obo/HAO_0001852"
77,pato,"http://purl.obolibrary.org/obo/PATO_0000070"
78,hao,"http://purl.obolibrary.org/obo/HAO_0000840"
78,pato,"http://purl.obolibrary.org/obo/PATO_0000052"
79,hao,"http://purl.obolibrary.org/obo/HAO_0000853,http://purl.obolibrary.org/obo/HAO_0000188"
79,pato,"http://purl.obolibrary.org/obo/PATO_0000070"
80,hao,"http://purl.obolibrary.org/obo/HAO_0000770"
80,pato,"http://purl.obolibrary.org/obo/PATO_0000070"
81,hao,"http://purl.obolibrary.org/obo/HAO_0000836"
81,pato,"http://purl.obolibrary.org/obo/PATO_0000070"
82,hao,"http://purl.obolibrary.org/obo/HAO_0000582"
82,pato,"http://purl.obolibrary.org/obo/PATO_0000140"
83,hao,"http://purl.obolibrary.org/obo/HAO_0000853,http://purl.obolibrary.org/obo/HAO_0000566"
83,pato,"http://purl.obolibrary.org/obo/PATO_0000140"
84,hao,"http://purl.obolibrary.org/obo/HAO_0001055"
84,pato,"http://purl.obolibrary.org/obo/PATO_0000070"
85,hao,"http://purl.obolibrary.org/obo/HAO_0000811"
85,pato,"http://purl.obolibrary.org/obo/PATO_0000070"
86,hao,"http://purl.obolibrary.org/obo/HAO_0000811"
86,hao,"http://purl.obolibrary.org/obo/PATO_0000140"
87,hao,"http://purl.obolibrary.org/obo/HAO_0000761"
87,pato,"http://purl.obolibrary.org/obo/PATO_0000070"
88,hao,"http://purl.obolibrary.org/obo/HAO_0000811,http://purl.obolibrary.org/obo/HAO_0000582"
88,pato,"http://purl.obolibrary.org/obo/PATO_0000140"
89,hao,"http://purl.obolibrary.org/obo/HAO_0000811"
89,pato,"http://purl.obolibrary.org/obo/PATO_0000140"
90,hao,"http://purl.obolibrary.org/obo/HAO_0001285"
90,pato,"http://purl.obolibrary.org/obo/PATO_0000140"
91,hao,"http://purl.obolibrary.org/obo/HAO_0000582"
91,pato,"http://purl.obolibrary.org/obo/PATO_0000140"
92,hao,"http://purl.obolibrary.org/obo/HAO_0000582,http://purl.obolibrary.org/obo/HAO_0000829"
92,pato,"http://purl.obolibrary.org/obo/PATO_0000070"
93,hao,"http://purl.obolibrary.org/obo/HAO_0000193"
93,pato,"http://purl.obolibrary.org/obo/PATO_0000141"
94,hao,"http://purl.obolibrary.org/obo/HAO_0000193"
94,pato,"http://purl.obolibrary.org/obo/PATO_0000140"
95,hao,"http://purl.obolibrary.org/obo/HAO_0000192"
95,pato,"http://purl.obolibrary.org/obo/PATO_0000070"
96,hao,"http://purl.obolibrary.org/obo/HAO_0000192"
96,pato,"http://purl.obolibrary.org/obo/PATO_0000140"
97,hao,"http://purl.obolibrary.org/obo/HAO_0001284"
97,pato,"http://purl.obolibrary.org/obo/PATO_0000140"
98,hao,"http://purl.obolibrary.org/obo/HAO_0000270"
98,pato,"http://purl.obolibrary.org/obo/PATO_0000070"
99,hao,"http://purl.obolibrary.org/obo/HAO_0000862,"
99,pato,"http://purl.obolibrary.org/obo/PATO_0000140"
100,hao,"http://purl.obolibrary.org/obo/HAO_0000856"
100,pato,"http://purl.obolibrary.org/obo/PATO_0000070"
101,hao,"http://purl.obolibrary.org/obo/HAO_0000856,http://purl.obolibrary.org/obo/HAO_0000825"
101,pato,"http://purl.obolibrary.org/obo/PATO_0000140"
102,hao,"http://purl.obolibrary.org/obo/HAO_0000497"
102,pato,"http://purl.obolibrary.org/obo/PATO_0000070"
103,hao,"http://purl.obolibrary.org/obo/HAO_0000862,ttp://purl.obolibrary.org/obo/HAO_0000873"
103,pato,"http://purl.obolibrary.org/obo/PATO_0000140"
104,hao,"http://purl.obolibrary.org/obo/HAO_0000295"
104,pato,"http://purl.obolibrary.org/obo/PATO_0000070"
105,hao,"http://purl.obolibrary.org/obo/HAO_0000862,http://purl.obolibrary.org/obo/HAO_0000853"
105,pato,"http://purl.obolibrary.org/obo/PATO_0000140"
106,hao,"http://purl.obolibrary.org/obo/HAO_0002500"
106,pato,"http://purl.obolibrary.org/obo/PATO_0000070"
107,hao,"http://purl.obolibrary.org/obo/HAO_0002500"
107,pato,"http://purl.obolibrary.org/obo/PATO_0000140"
108,hao,"http://purl.obolibrary.org/obo/HAO_0000873,http://purl.obolibrary.org/obo/HAO_0000862"
108,pato,"http://purl.obolibrary.org/obo/PATO_0000140"
109,hao,"http://purl.obolibrary.org/obo/HAO_0000123"
109,pato,"http://purl.obolibrary.org/obo/PATO_0000070"
110,hao,"http://purl.obolibrary.org/obo/HAO_0002501"
110,pato,"http://purl.obolibrary.org/obo/PATO_0000070"
111,hao,"http://purl.obolibrary.org/obo/HAO_0000871"
111,pato,"http://purl.obolibrary.org/obo/PATO_0000070"
112,hao,"http://purl.obolibrary.org/obo/HAO_0000827"
112,pato,"http://purl.obolibrary.org/obo/PATO_0000070"
113,hao,"http://purl.obolibrary.org/obo/HAO_0000124"
113,pato,"http://purl.obolibrary.org/obo/PATO_0000070"
114,hao,"http://purl.obolibrary.org/obo/HAO_0001906"
114,pato,"http://purl.obolibrary.org/obo/PATO_0000070"
115,hao,"http://purl.obolibrary.org/obo/HAO_0000825,http://purl.obolibrary.org/obo/HAO_0000862"
115,pato,"http://purl.obolibrary.org/obo/PATO_0000140"
116,hao,"http://purl.obolibrary.org/obo/HAO_0001315"
116,pato,"http://purl.obolibrary.org/obo/PATO_0001334"
117,hao,"http://purl.obolibrary.org/obo/HAO_0000188,http://purl.obolibrary.org/obo/HAO_0001122"
117,pato,"http://purl.obolibrary.org/obo/PATO_0000070"
118,hao,"http://purl.obolibrary.org/obo/HAO_0000978,http://purl.obolibrary.org/obo/HAO_0000350"
118,pato,"http://purl.obolibrary.org/obo/PATO_0000070"
119,hao,"http://purl.obolibrary.org/obo/HAO_0000875"
119,pato,"http://purl.obolibrary.org/obo/PATO_0000070"
120,hao,"http://purl.obolibrary.org/obo/HAO_0000875"
120,pato,"http://purl.obolibrary.org/obo/PATO_0000070"
121,hao,"http://purl.obolibrary.org/obo/HAO_0000177"
121,pato,"http://purl.obolibrary.org/obo/PATO_0000070"
122,hao,"http://purl.obolibrary.org/obo/HAO_0001180"
122,pato,"http://purl.obolibrary.org/obo/PATO_0000070"
123,hao,"http://purl.obolibrary.org/obo/HAO_0001106,http://purl.obolibrary.org/obo/HAO_0000951"
123,pato,"http://purl.obolibrary.org/obo/PATO_0000070"
124,hao,"http://purl.obolibrary.org/obo/HAO_0000855"
124,pato,"http://purl.obolibrary.org/obo/PATO_0000070"
125,hao,"http://purl.obolibrary.org/obo/HAO_0000855"
125,pato,"http://purl.obolibrary.org/obo/PATO_0000052"
126,hao,"http://purl.obolibrary.org/obo/HAO_0000855"
126,pato,"http://purl.obolibrary.org/obo/PATO_0000052"
127,hao,"http://purl.obolibrary.org/obo/HAO_0001080"
127,pato,"http://purl.obolibrary.org/obo/PATO_0000070"
128,hao,"http://purl.obolibrary.org/obo/HAO_0001080"
128,pato,"http://purl.obolibrary.org/obo/PATO_0000117"
129,hao,"http://purl.obolibrary.org/obo/HAO_0000523"
129,pato,"http://purl.obolibrary.org/obo/PATO_0000070"
130,hao,"http://purl.obolibrary.org/obo/HAO_0000128"
130,pato,"http://purl.obolibrary.org/obo/PATO_0000070"
131,hao,"http://purl.obolibrary.org/obo/HAO_0000647"
131,pato,"http://purl.obolibrary.org/obo/PATO_0000070"
132,hao,"http://purl.obolibrary.org/obo/HAO_0000647,http://purl.obolibrary.org/obo/HAO_0001027"
132,pato,"http://purl.obolibrary.org/obo/PATO_0000140"
133,hao,"http://purl.obolibrary.org/obo/HAO_0000694"
133,pato,"http://purl.obolibrary.org/obo/PATO_0000070"
134,hao,"http://purl.obolibrary.org/obo/HAO_0000697"
134,pato,"http://purl.obolibrary.org/obo/PATO_0000070"
135,hao,"http://purl.obolibrary.org/obo/HAO_0001204"
135,pato,"http://purl.obolibrary.org/obo/PATO_0000070"
136,hao,"http://purl.obolibrary.org/obo/HAO_0002502"
136,pato,"http://purl.obolibrary.org/obo/PATO_0000070"
137,hao,"http://purl.obolibrary.org/obo/HAO_0000252"
137,pato,"http://purl.obolibrary.org/obo/PATO_0000117"
138,hao,"http://purl.obolibrary.org/obo/HAO_0000156"
138,pato,"http://purl.obolibrary.org/obo/PATO_0000070"
139,hao,"http://purl.obolibrary.org/obo/HAO_0000155"
139,pato,"http://purl.obolibrary.org/obo/PATO_0000052"
140,hao,"http://purl.obolibrary.org/obo/HAO_0001481"
140,pato,"http://purl.obolibrary.org/obo/PATO_0000070"
141,hao,"http://purl.obolibrary.org/obo/HAO_0000919"
141,pato,"http://purl.obolibrary.org/obo/PATO_0000141"
142,hao,"http://purl.obolibrary.org/obo/HAO_0000574,http://purl.obolibrary.org/obo/HAO_0000188"
142,pato,"http://purl.obolibrary.org/obo/PATO_0000070"
143,hao,"http://purl.obolibrary.org/obo/HAO_0002502,http://purl.obolibrary.org/obo/HAO_0000918"
143,pato," http://purl.obolibrary.org/obo/PATO_0000140"
144,hao,"http://purl.obolibrary.org/obo/HAO_0002503"
144,hao,"http://purl.obolibrary.org/obo/PATO_0000070"
145,hao,"http://purl.obolibrary.org/obo/HAO_0002504"
145,hao,"http://purl.obolibrary.org/obo/PATO_0000070"
146,hao,"http://purl.obolibrary.org/obo/HAO_0000574"
146,pato,"http://purl.obolibrary.org/obo/PATO_0000141"
147,hao,"http://purl.obolibrary.org/obo/HAO_0000355"
147,pato,"http://purl.obolibrary.org/obo/PATO_0000070"
148,hao,"http://purl.obolibrary.org/obo/HAO_0000757"
148,pato,"http://purl.obolibrary.org/obo/PATO_0000070"
149,hao,"http://purl.obolibrary.org/obo/HAO_0000568"
149,pato,"http://purl.obolibrary.org/obo/PATO_0000070"
150,hao,"http://purl.obolibrary.org/obo/HAO_0001903"
150,pato,"http://purl.obolibrary.org/obo/PATO_0000052"
151,hao,"http://purl.obolibrary.org/obo/HAO_0001903"
151,pato,"http://purl.obolibrary.org/obo/PATO_0000140"
152,hao,"http://purl.obolibrary.org/obo/HAO_0001903"
152,pato,"http://purl.obolibrary.org/obo/PATO_0000117"
153,hao,"http://purl.obolibrary.org/obo/HAO_0000881"
153,pato,"http://purl.obolibrary.org/obo/PATO_0000070"
154,hao,"http://purl.obolibrary.org/obo/HAO_0000574,http://purl.obolibrary.org/obo/HAO_0000558"
155,pato,"http://purl.obolibrary.org/obo/PATO_0000140"
156,hao,"http://purl.obolibrary.org/obo/HAO_0000558,http://purl.obolibrary.org/obo/HAO_0000188"
156,pato,"http://purl.obolibrary.org/obo/PATO_0000070"
157,hao,"http://purl.obolibrary.org/obo/HAO_0001353"
157,pato,"http://purl.obolibrary.org/obo/PATO_0000070"
158,hao,"http://purl.obolibrary.org/obo/HAO_0001353"
158,pato,"http://purl.obolibrary.org/obo/PATO_0000070"
159,hao,"http://purl.obolibrary.org/obo/HAO_0001353"
159,pato,"http://purl.obolibrary.org/obo/PATO_0000052"
160,hao,"http://purl.obolibrary.org/obo/HAO_0000558,http://purl.obolibrary.org/obo/HAO_0000603"
160,pato,"http://purl.obolibrary.org/obo/PATO_0000140"
161,hao,"http://purl.obolibrary.org/obo/HAO_0000567"
161,pato,"http://purl.obolibrary.org/obo/PATO_0000140"
162,hao,"http://purl.obolibrary.org/obo/HAO_0000258"
162,pato,"http://purl.obolibrary.org/obo/PATO_0000070"
163,hao,"http://purl.obolibrary.org/obo/HAO_0000556"
163,pato,"http://purl.obolibrary.org/obo/HAO_0000557"
164,hao,"http://purl.obolibrary.org/obo/HAO_0000993,http://purl.obolibrary.org/obo/HAO_0000853"
164,pato,"http://purl.obolibrary.org/obo/PATO_0000140"
165,hao,"http://purl.obolibrary.org/obo/HAO_0000542"
165,pato,"http://purl.obolibrary.org/obo/PATO_0000117"
166,hao,"http://purl.obolibrary.org/obo/HAO_0002505,http://purl.obolibrary.org/obo/HAO_0000557"
166,pato,"http://purl.obolibrary.org/obo/PATO_0000070"
167,hao,"http://purl.obolibrary.org/obo/HAO_0000811"
167,pato,"http://purl.obolibrary.org/obo/PATO_0000070"
168,hao,"http://purl.obolibrary.org/obo/HAO_0000769"
168,pato,"http://purl.obolibrary.org/obo/PATO_0000140"
169,hao,"http://purl.obolibrary.org/obo/HAO_0002506"
169,pato,"http://purl.obolibrary.org/obo/PATO_0000070"
170,hao,"http://purl.obolibrary.org/obo/HAO_0000537"
170,pato,"http://purl.obolibrary.org/obo/PATO_0000070"
171,hao,"http://purl.obolibrary.org/obo/HAO_0001357"
171,pato,"http://purl.obolibrary.org/obo/PATO_0000070"
172,hao,"http://purl.obolibrary.org/obo/HAO_0001358"
172,pato,"http://purl.obolibrary.org/obo/PATO_0000070"
173,hao,"http://purl.obolibrary.org/obo/HAO_0001359"
173,pato,"http://purl.obolibrary.org/obo/PATO_0000070"
174,hao,"http://purl.obolibrary.org/obo/HAO_0001359,http://purl.obolibrary.org/obo/HAO_0000537"
174,pato,"http://purl.obolibrary.org/obo/PATO_0000140"
175,hao,"http://purl.obolibrary.org/obo/HAO_0000562"
175,pato,"http://purl.obolibrary.org/obo/PATO_0000070"
176,hao,"http://purl.obolibrary.org/obo/HAO_0001694"
176,pato,"http://purl.obolibrary.org/obo/PATO_0000070"
177,hao,"http://purl.obolibrary.org/obo/HAO_0002507"
177,pato,"http://purl.obolibrary.org/obo/PATO_0000070"
178,hao,"http://purl.obolibrary.org/obo/HAO_0000292"
178,pato,"http://purl.obolibrary.org/obo/PATO_0000070"
179,hao,"http://purl.obolibrary.org/obo/HAO_0000294"
179,pato,"http://purl.obolibrary.org/obo/PATO_0000070"
180,hao,"http://purl.obolibrary.org/obo/HAO_0000975"
180,pato,"http://purl.obolibrary.org/obo/PATO_0000070"
181,hao,"http://purl.obolibrary.org/obo/HAO_0000560"
181,pato,"http://purl.obolibrary.org/obo/PATO_0000070"
182,hao,"http://purl.obolibrary.org/obo/HAO_0000953"
182,pato,"http://purl.obolibrary.org/obo/PATO_0000070"
183,hao,"http://purl.obolibrary.org/obo/HAO_0000794"
183,pato,"http://purl.obolibrary.org/obo/PATO_0000070"
184,hao,"http://purl.obolibrary.org/obo/HAO_0001785"
184,pato,"http://purl.obolibrary.org/obo/PATO_0000140"
185,hao,"http://purl.obolibrary.org/obo/HAO_0001383"
185,pato,"http://purl.obolibrary.org/obo/PATO_0000070"
186,hao,"http://purl.obolibrary.org/obo/HAO_0001383"
186,pato,"http://purl.obolibrary.org/obo/PATO_0000140"
187,hao,"http://purl.obolibrary.org/obo/HAO_0000549,http://purl.obolibrary.org/obo/HAO_0001785"
187,pato,"http://purl.obolibrary.org/obo/PATO_0000140"
188,hao,"http://purl.obolibrary.org/obo/HAO_0002508"
188,pato,"http://purl.obolibrary.org/obo/PATO_0000070"
189,hao,"http://purl.obolibrary.org/obo/HAO_0000475"
189,pato,"http://purl.obolibrary.org/obo/PATO_0000052"
190,hao,"http://purl.obolibrary.org/obo/HAO_0001439"
190,pato,"http://purl.obolibrary.org/obo/PATO_0000052"
191,hao,"http://purl.obolibrary.org/obo/HAO_0000548"
191,pato,"http://purl.obolibrary.org/obo/PATO_0000070"
192,hao,"http://purl.obolibrary.org/obo/HAO_0000121"
192,pato,"http://purl.obolibrary.org/obo/PATO_0000070"
193,hao,"http://purl.obolibrary.org/obo/HAO_0000475,http://purl.obolibrary.org/obo/HAO_0000566"
193,pato,"http://purl.obolibrary.org/obo/PATO_0000140"
194,hao,"http://purl.obolibrary.org/obo/HAO_0000635"
194,pato,"http://purl.obolibrary.org/obo/PATO_0000141"
195,hao,"http://purl.obolibrary.org/obo/HAO_0001368"
195,pato,"http://purl.obolibrary.org/obo/PATO_0000117"
196,hao,"http://purl.obolibrary.org/obo/HAO_0001256"
196,pato,"http://purl.obolibrary.org/obo/PATO_0000117"
197,hao,"http://purl.obolibrary.org/obo/HAO_0001858"
197,pato,"http://purl.obolibrary.org/obo/PATO_0000070"
198,hao,"http://purl.obolibrary.org/obo/HAO_0000603"
198,pato,"http://purl.obolibrary.org/obo/PATO_0000117"
199,hao,"http://purl.obolibrary.org/obo/HAO_0000603,http://purl.obolibrary.org/obo/HAO_0000574"
199,pato,"http://purl.obolibrary.org/obo/PATO_0000133"
200,hao,"http://purl.obolibrary.org/obo/HAO_0000189"
200,pato,"http://purl.obolibrary.org/obo/PATO_0000070"
201,hao,"http://purl.obolibrary.org/obo/HAO_0002483"
201,pato,"http://purl.obolibrary.org/obo/PATO_0000070"
202,hao,"http://purl.obolibrary.org/obo/HAO_0000404"
202,pato,"http://purl.obolibrary.org/obo/PATO_0000070"
203,hao,"http://purl.obolibrary.org/obo/HAO_0000625"
203,pato,"http://purl.obolibrary.org/obo/PATO_0000070"
204,hao,"http://purl.obolibrary.org/obo/HAO_0000625"
204,pato,"http://purl.obolibrary.org/obo/PATO_0000140"
205,hao,"http://purl.obolibrary.org/obo/HAO_0000603"
205,pato,"http://purl.obolibrary.org/obo/PATO_0000052"
206,hao,"http://purl.obolibrary.org/obo/HAO_0000624"
206,pato,"http://purl.obolibrary.org/obo/PATO_0000070"
207,hao,"http://purl.obolibrary.org/obo/HAO_0002484"
207,pato,"http://purl.obolibrary.org/obo/PATO_0000070"
208,hao,"http://purl.obolibrary.org/obo/HAO_0002485"
208,pato,"http://purl.obolibrary.org/obo/PATO_0000070"
209,hao,"http://purl.obolibrary.org/obo/HAO_0000608,http://purl.obolibrary.org/obo/HAO_0000051"
209,pato,"http://purl.obolibrary.org/obo/PATO_0000140"
210,hao,"http://purl.obolibrary.org/obo/HAO_0000608,http://purl.obolibrary.org/obo/HAO_0000621"
210,pato,"http://purl.obolibrary.org/obo/PATO_0000140"
211,hao,"http://purl.obolibrary.org/obo/HAO_0002509"
211,pato,"http://purl.obolibrary.org/obo/PATO_0000070"
212,hao,"http://purl.obolibrary.org/obo/HAO_0000632"
212,pato,"http://purl.obolibrary.org/obo/PATO_0000140"
213,hao,"http://purl.obolibrary.org/obo/HAO_0000632"
213,pato,"http://purl.obolibrary.org/obo/PATO_0000117"
214,hao,"http://purl.obolibrary.org/obo/HAO_0002486"
214,pato,"http://purl.obolibrary.org/obo/PATO_0000070"
215,hao,"http://purl.obolibrary.org/obo/HAO_0000609"
215,pato,"http://purl.obolibrary.org/obo/PATO_0000070"
216, hao,"http://purl.obolibrary.org/obo/HAO_0000612"
216,pato,"http://purl.obolibrary.org/obo/PATO_0000070"
217,hao,"http://purl.obolibrary.org/obo/HAO_0000607"
217,pato,"http://purl.obolibrary.org/obo/PATO_0000070"
218,hao,"http://purl.obolibrary.org/obo/HAO_0000621,http://purl.obolibrary.org/obo/HAO_0000566"
218,pato,"http://purl.obolibrary.org/obo/PATO_0000140"
219,hao,"http://purl.obolibrary.org/obo/HAO_0002510"
219,pato,"http://purl.obolibrary.org/obo/PATO_0000070"
220,hao,"http://purl.obolibrary.org/obo/HAO_0001378"
220,pato,"http://purl.obolibrary.org/obo/PATO_0000070"
221,hao,"http://purl.obolibrary.org/obo/HAO_0001056"
221,pato,"http://purl.obolibrary.org/obo/PATO_0000070"
222,hao,"http://purl.obolibrary.org/obo/HAO_0001056"
222,pato,"http://purl.obolibrary.org/obo/PATO_0000070"
223,hao,"http://purl.obolibrary.org/obo/HAO_0000684"
223,pato,"http://purl.obolibrary.org/obo/PATO_0000140"
224,hao,"http://purl.obolibrary.org/obo/HAO_0000684"
224,pato,"http://purl.obolibrary.org/obo/PATO_0000070"
225,hao,"http://purl.obolibrary.org/obo/HAO_0002487"
225,pato,"http://purl.obolibrary.org/obo/PATO_0000070"
226,hao,"http://purl.obolibrary.org/obo/HAO_0000684,http://purl.obolibrary.org/obo/HAO_0002250"
226,pato,"http://purl.obolibrary.org/obo/PATO_0000140"
227,hao,"http://purl.obolibrary.org/obo/HAO_0002488"
227,pato,"http://purl.obolibrary.org/obo/PATO_0000070"
228,hao,"http://purl.obolibrary.org/obo/HAO_0001264,http://purl.obolibrary.org/obo/HAO_0001785"
228,pato,"http://purl.obolibrary.org/obo/PATO_0000140"
229,hao,"http://purl.obolibrary.org/obo/HAO_0001385"
229,pato,"http://purl.obolibrary.org/obo/PATO_0000117"
230,hao,"http://purl.obolibrary.org/obo/HAO_0001385"
230,pato,"http://purl.obolibrary.org/obo/PATO_0000140"
231,hao,"http://purl.obolibrary.org/obo/HAO_0001414"
231,pato,"http://purl.obolibrary.org/obo/PATO_0000117"
232,hao,"http://purl.obolibrary.org/obo/HAO_0002489"
232,pato,"http://purl.obolibrary.org/obo/PATO_0000070"
233,hao,"http://purl.obolibrary.org/obo/HAO_0000594,http://purl.obolibrary.org/obo/HAO_0001264"
233,pato,"http://purl.obolibrary.org/obo/PATO_0000140"
234,hao,"http://purl.obolibrary.org/obo/HAO_0000594"
234,pato,"http://purl.obolibrary.org/obo/PATO_0000070"
235,hao,"http://purl.obolibrary.org/obo/HAO_0000593,http://purl.obolibrary.org/obo/HAO_0000591"
235,pato,"http://purl.obolibrary.org/obo/PATO_0000140"
236,hao,"http://purl.obolibrary.org/obo/HAO_0000592, http://purl.obolibrary.org/obo/HAO_0000590"
236,pato,"http://purl.obolibrary.org/obo/PATO_0000140"
237,hao,"http://purl.obolibrary.org/obo/HAO_0000592,http://purl.obolibrary.org/obo/HAO_0000547"
237,pato,"http://purl.obolibrary.org/obo/PATO_0000140"
238,hao,"http://purl.obolibrary.org/obo/HAO_0002490"
238,pato,"http://purl.obolibrary.org/obo/PATO_0000117"
239,hao,"http://purl.obolibrary.org/obo/HAO_0000593,http://purl.obolibrary.org/obo/HAO_0000607"
239,pato,"http://purl.obolibrary.org/obo/PATO_0000140"
240,hao,"http://purl.obolibrary.org/obo/HAO_0001725"
240,pato,"http://purl.obolibrary.org/obo/PATO_0000070"
241,hao,"http://purl.obolibrary.org/obo/HAO_0000587"
241,pato,"http://purl.obolibrary.org/obo/PATO_0000117"
242,hao,"http://purl.obolibrary.org/obo/HAO_0002491"
242,pato,"http://purl.obolibrary.org/obo/PATO_0000070"
243,hao,"http://purl.obolibrary.org/obo/HAO_0002492"
243,pato,"http://purl.obolibrary.org/obo/PATO_0000070"
244,hao,"http://purl.obolibrary.org/obo/HAO_0001686,http://purl.obolibrary.org/obo/HAO_0000631"
244,pato,"http://purl.obolibrary.org/obo/PATO_0000070"
245,hao,"http://purl.obolibrary.org/obo/HAO_0000990"
245,pato,"http://purl.obolibrary.org/obo/PATO_0000070"
246,hao,"http://purl.obolibrary.org/obo/HAO_0000051"
246,pato,"http://purl.obolibrary.org/obo/PATO_0000141"
247,hao,"http://purl.obolibrary.org/obo/HAO_0001877,http://purl.obolibrary.org/obo/HAO_0000051"
247,pato,"http://purl.obolibrary.org/obo/PATO_0000140"
248,hao,"http://purl.obolibrary.org/obo/HAO_0002493"
248,pato,"http://purl.obolibrary.org/obo/PATO_0000070"
249,hao,"http://purl.obolibrary.org/obo/HAO_0002494"
249,pato,"http://purl.obolibrary.org/obo/PATO_0000070"
250,hao,"http://purl.obolibrary.org/obo/HAO_0000606"
250,pato,"http://purl.obolibrary.org/obo/PATO_0000070"
251,hao,"http://purl.obolibrary.org/obo/HAO_0002495"
251,pato,"http://purl.obolibrary.org/obo/PATO_0000070"
252,hao,"http://purl.obolibrary.org/obo/HAO_0000606,http://purl.obolibrary.org/obo/HAO_0000607"
252,pato,"http://purl.obolibrary.org/obo/PATO_0000140"
253,hao,"http://purl.obolibrary.org/obo/HAO_0001877"
253,pato,"http://purl.obolibrary.org/obo/PATO_0000141"
254,hao,"http://purl.obolibrary.org/obo/HAO_0002397"
254,pato,"http://purl.obolibrary.org/obo/PATO_0000070"
255,hao,"http://purl.obolibrary.org/obo/HAO_0000529"
255,pato,"http://purl.obolibrary.org/obo/PATO_0000070"
256,hao,"http://purl.obolibrary.org/obo/HAO_0001652"
256,pato,"http://purl.obolibrary.org/obo/PATO_0000070"
257,hao,"http://purl.obolibrary.org/obo/HAO_0000329"
257,pato,"http://purl.obolibrary.org/obo/PATO_0000052"
258,hao," http://purl.obolibrary.org/obo/HAO_0001942"
258,pato,"http://purl.obolibrary.org/obo/PATO_0000070"
259,hao,"http://purl.obolibrary.org/obo/HAO_0000329"
259,pato,"http://purl.obolibrary.org/obo/PATO_0000140"
260,hao,"http://purl.obolibrary.org/obo/HAO_0000329"
260,pato,"http://purl.obolibrary.org/obo/PATO_0000140"
261,hao,"http://purl.obolibrary.org/obo/HAO_0001930"
261,pato,"http://purl.obolibrary.org/obo/PATO_0000070"
262,hao,"http://purl.obolibrary.org/obo/HAO_0000865"
262,pato,"http://purl.obolibrary.org/obo/PATO_0000070"
263,hao,"http://purl.obolibrary.org/obo/HAO_0000865,http://purl.obolibrary.org/obo/HAO_0001264"
263,pato,"http://purl.obolibrary.org/obo/PATO_0000140"
264,hao,"http://purl.obolibrary.org/obo/HAO_0000865,http://purl.obolibrary.org/obo/HAO_0001264"
264,pato,"http://purl.obolibrary.org/obo/PATO_0000140"
265,hao,"http://purl.obolibrary.org/obo/HAO_0000865"
265,pato,"http://purl.obolibrary.org/obo/PATO_0000052"
266,hao,"http://purl.obolibrary.org/obo/HAO_0002265"
266,pato,"http://purl.obolibrary.org/obo/PATO_0000070"
267,hao,"http://purl.obolibrary.org/obo/HAO_0000866"
267,pato,"http://purl.obolibrary.org/obo/PATO_0000070"
268,hao,"http://purl.obolibrary.org/obo/HAO_0000035"
268,pato,"http://purl.obolibrary.org/obo/PATO_0000070"
269,hao,"http://purl.obolibrary.org/obo/HAO_0000035,http://purl.obolibrary.org/obo/HAO_0000053"
269,pato,"http://purl.obolibrary.org/obo/PATO_0000141"
270,hao,"http://purl.obolibrary.org/obo/HAO_0000020"
270,pato,"http://purl.obolibrary.org/obo/PATO_0000052"
271,hao,"http://purl.obolibrary.org/obo/HAO_0001734"
271,pato,"http://purl.obolibrary.org/obo/PATO_0000070"
272,hao,"http://purl.obolibrary.org/obo/HAO_0001734"
272,pato,"http://purl.obolibrary.org/obo/PATO_0000117"
273,hao,"http://purl.obolibrary.org/obo/HAO_0001029"
273,pato,"http://purl.obolibrary.org/obo/PATO_0000070"
274,hao,"http://purl.obolibrary.org/obo/HAO_0002496"
274,pato,"http://purl.obolibrary.org/obo/PATO_0000070"
275,hao,"http://purl.obolibrary.org/obo/HAO_0000035"
275,pato,"http://purl.obolibrary.org/obo/PATO_0000141"
276,hao,"http://purl.obolibrary.org/obo/HAO_0000035"
276,pato,"http://purl.obolibrary.org/obo/PATO_0000141"
277,hao,"http://purl.obolibrary.org/obo/HAO_0001882"
277,pato,"http://purl.obolibrary.org/obo/PATO_0000070"
278,hao,"http://purl.obolibrary.org/obo/HAO_0001878"
278,pato,"http://purl.obolibrary.org/obo/PATO_0000070"
279,hao,"http://purl.obolibrary.org/obo/HAO_0001544"
279,pato,"http://purl.obolibrary.org/obo/PATO_0000070"
280,hao,"http://purl.obolibrary.org/obo/HAO_0001578"
280,pato,"http://purl.obolibrary.org/obo/PATO_0000140"
281,hao,"http://purl.obolibrary.org/obo/HAO_0001615"
281,pato,"http://purl.obolibrary.org/obo/PATO_0000070"
282,hao,"http://purl.obolibrary.org/obo/HAO_0000845"
282,pato,"http://purl.obolibrary.org/obo/PATO_0000070"
283,hao,"http://purl.obolibrary.org/obo/HAO_0000849"
283,pato,"http://purl.obolibrary.org/obo/PATO_0000070"
284,hao,"http://purl.obolibrary.org/obo/HAO_0001306"
284,pato,"http://purl.obolibrary.org/obo/PATO_0000070"
285,hao,"http://purl.obolibrary.org/obo/HAO_0001801,http://purl.obolibrary.org/obo/HAO_0001707,http://purl.obolibrary.org/obo/HAO_0000846"
285,pato,"http://purl.obolibrary.org/obo/PATO_0000070"
286,hao,"http://purl.obolibrary.org/obo/HAO_0000846"
286,pato,"http://purl.obolibrary.org/obo/PATO_0000140"
287,hao,"http://purl.obolibrary.org/obo/HAO_0001397"
287,pato,"http://purl.obolibrary.org/obo/PATO_0000070"
288,hao,"http://purl.obolibrary.org/obo/HAO_0001806"
288,pato,"http://purl.obolibrary.org/obo/PATO_0000070"
289,hao,"http://purl.obolibrary.org/obo/HAO_0001305"
289,pato,"http://purl.obolibrary.org/obo/PATO_0000070"
290,hao,"http://purl.obolibrary.org/obo/HAO_0001698"
290,pato,"http://purl.obolibrary.org/obo/PATO_0000070"
291,hao,"http://purl.obolibrary.org/obo/HAO_0001774"
291,pato,"http://purl.obolibrary.org/obo/PATO_0000070"
292,hao,"http://purl.obolibrary.org/obo/HAO_0000528"
292,pato,"http://purl.obolibrary.org/obo/PATO_0000140"
293,hao,"http://purl.obolibrary.org/obo/HAO_0001309"
293,pato,"http://purl.obolibrary.org/obo/PATO_0000070"
294,hao,"http://purl.obolibrary.org/obo/HAO_0001664"
294,pato,"http://purl.obolibrary.org/obo/PATO_0000070"
295,hao,"http://purl.obolibrary.org/obo/HAO_0000255"
295,pato,"http://purl.obolibrary.org/obo/PATO_0000070"
296,hao,"http://purl.obolibrary.org/obo/HAO_0000579"
296,pato,"http://purl.obolibrary.org/obo/PATO_0000140"
297,hao,"http://purl.obolibrary.org/obo/HAO_0001645"
297,pato,"http://purl.obolibrary.org/obo/PATO_0000070"
298,hao,"http://purl.obolibrary.org/obo/HAO_0001643"
298,pato,"http://purl.obolibrary.org/obo/PATO_0000070"
299,hao,"http://purl.obolibrary.org/obo/HAO_0001644"
299,pato,"http://purl.obolibrary.org/obo/PATO_0000070"
300,hao,"http://purl.obolibrary.org/obo/HAO_0001440"
300,pato,"http://purl.obolibrary.org/obo/PATO_0000070"
301,hao,"http://purl.obolibrary.org/obo/HAO_0000754"
301,pato,"http://purl.obolibrary.org/obo/PATO_0000070"
302,hao,"http://purl.obolibrary.org/obo/HAO_0001169"
302,pato,"http://purl.obolibrary.org/obo/PATO_0000070"
303,hao,"http://purl.obolibrary.org/obo/HAO_0001302"
303,pato,"http://purl.obolibrary.org/obo/PATO_0000140"
304,hao,"http://purl.obolibrary.org/obo/HAO_0000924"
304,pato,"http://purl.obolibrary.org/obo/PATO_0000140"
305,hao,"http://purl.obolibrary.org/obo/HAO_0000435"
305,pato,"http://purl.obolibrary.org/obo/PATO_0000070"
306,hao,"http://purl.obolibrary.org/obo/HAO_0001582"
306,pato,"http://purl.obolibrary.org/obo/PATO_0000070"
307,hao,"http://purl.obolibrary.org/obo/HAO_0001629"
307,pato,"http://purl.obolibrary.org/obo/PATO_0000070"
308,hao,"http://purl.obolibrary.org/obo/HAO_0001743"
308,pato,"http://purl.obolibrary.org/obo/PATO_0000070"
309,hao,"http://purl.obolibrary.org/obo/HAO_0000544"
309,pato,"http://purl.obolibrary.org/obo/PATO_0000070"
310,hao,"http://purl.obolibrary.org/obo/HAO_0000755"
310,pato,"http://purl.obolibrary.org/obo/PATO_0000070"
311,hao,"http://purl.obolibrary.org/obo/HAO_0000564"
311,pato,"http://purl.obolibrary.org/obo/PATO_0000140"
312,hao,"http://purl.obolibrary.org/obo/HAO_0000565"
312,pato,"http://purl.obolibrary.org/obo/PATO_0000070"
313,hao,"http://purl.obolibrary.org/obo/HAO_0000753"
313,pato,"http://purl.obolibrary.org/obo/PATO_0000070"
314,hao,"http://purl.obolibrary.org/obo/HAO_0000476"
314,pato,"http://purl.obolibrary.org/obo/PATO_0000070"
315,hao,"http://purl.obolibrary.org/obo/HAO_0000521"
315,pato,"http://purl.obolibrary.org/obo/PATO_0000070"
316,hao,"http://purl.obolibrary.org/obo/HAO_0000521"
316,pato,"http://purl.obolibrary.org/obo/PATO_0000140"
317,hao,"http://purl.obolibrary.org/obo/HAO_0000552"
317,pato,"http://purl.obolibrary.org/obo/PATO_0000070"
318,hao,"http://purl.obolibrary.org/obo/HAO_0000577"
318,pato,"http://purl.obolibrary.org/obo/PATO_0000070"
319,hao,"http://purl.obolibrary.org/obo/HAO_0001642"
319,pato,"http://purl.obolibrary.org/obo/PATO_0000070"
320,hao,"http://purl.obolibrary.org/obo/HAO_0001373"
320,pato,"http://purl.obolibrary.org/obo/PATO_0000070"
321,hao,"http://purl.obolibrary.org/obo/HAO_0001373"
321,pato,"http://purl.obolibrary.org/obo/PATO_0000140"
322,hao,"http://purl.obolibrary.org/obo/HAO_0001738"
322,pato,"http://purl.obolibrary.org/obo/PATO_0000070"
323,hao,"http://purl.obolibrary.org/obo/HAO_0002478"
323,pato,"http://purl.obolibrary.org/obo/PATO_0000070"
324,hao,"http://purl.obolibrary.org/obo/HAO_0001641"
324,pato,"http://purl.obolibrary.org/obo/PATO_0000070"
325,hao,"http://purl.obolibrary.org/obo/HAO_0001819"
325,pato,"http://purl.obolibrary.org/obo/PATO_0000070"
326,hao,"http://purl.obolibrary.org/obo/HAO_0000602"
326,pato,"http://purl.obolibrary.org/obo/PATO_0000070"
327,hao,"http://purl.obolibrary.org/obo/HAO_0001445"
327,pato,"http://purl.obolibrary.org/obo/PATO_0000140"
328,hao,"http://purl.obolibrary.org/obo/HAO_0001406"
328,pato,"http://purl.obolibrary.org/obo/PATO_0000070"
329,hao,"http://purl.obolibrary.org/obo/HAO_0001344"
329,pato,"http://purl.obolibrary.org/obo/PATO_0000070"
330,hao,"http://purl.obolibrary.org/obo/HAO_0001581"
330,pato,"http://purl.obolibrary.org/obo/PATO_0000070"
331,hao,"http://purl.obolibrary.org/obo/HAO_0000589"
331,pato,"http://purl.obolibrary.org/obo/PATO_0000070"
332,hao,"http://purl.obolibrary.org/obo/HAO_0001744"
332,pato,"http://purl.obolibrary.org/obo/PATO_0000070"
333,hao,"http://purl.obolibrary.org/obo/HAO_0001745"
333,pato,"http://purl.obolibrary.org/obo/PATO_0000070"
334,hao,"http://purl.obolibrary.org/obo/HAO_0000478"
334,pato,"http://purl.obolibrary.org/obo/PATO_0000140"
335,hao,"http://purl.obolibrary.org/obo/HAO_0000478"
335,pato,"http://purl.obolibrary.org/obo/PATO_0000140"
336,hao,"http://purl.obolibrary.org/obo/HAO_0001794"
336,pato,"http://purl.obolibrary.org/obo/PATO_0000070"
337,hao,"http://purl.obolibrary.org/obo/HAO_0001684"
337,pato,"http://purl.obolibrary.org/obo/PATO_0000070"
338,hao,"http://purl.obolibrary.org/obo/HAO_0000619"
338,pato,"http://purl.obolibrary.org/obo/PATO_0000140"
339,hao,"http://purl.obolibrary.org/obo/HAO_0001685"
339,pato,"http://purl.obolibrary.org/obo/PATO_0000070"
340,hao,"http://purl.obolibrary.org/obo/HAO_0002284"
340,pato,"http://purl.obolibrary.org/obo/PATO_0000070"
341,hao,"http://purl.obolibrary.org/obo/HAO_0000243"
341,pato,"http://purl.obolibrary.org/obo/PATO_0000140"
342,hao,"http://purl.obolibrary.org/obo/HAO_0001522,http://purl.obolibrary.org/obo/HAO_0000351"
342,pato,"http://purl.obolibrary.org/obo/PATO_0000150"
343,hao,"http://purl.obolibrary.org/obo/HAO_0000225,http://purl.obolibrary.org/obo/HAO_0000783,http://purl.obolibrary.org/obo/HAO_0000351"
343,pato,"http://purl.obolibrary.org/obo/PATO_0000140"
344,hao,"http://purl.obolibrary.org/obo/HAO_0000237,http://purl.obolibrary.org/obo/HAO_0000351"
344,pato,"http://purl.obolibrary.org/obo/PATO_0000052"
345,hao,"http://purl.obolibrary.org/obo/HAO_0000225,http://purl.obolibrary.org/obo/HAO_0000351"
345,pato,"http://purl.obolibrary.org/obo/PATO_0000070"
346,hao,"http://purl.obolibrary.org/obo/HAO_0000957,http://purl.obolibrary.org/obo/HAO_0000351"
346,pato,"http://purl.obolibrary.org/obo/PATO_0000070"
347,hao,"http://purl.obolibrary.org/obo/HAO_0000967,http://purl.obolibrary.org/obo/HAO_0000351"
347,pato,"http://purl.obolibrary.org/obo/PATO_0000070"
348,hao,"http://purl.obolibrary.org/obo/HAO_0000888,http://purl.obolibrary.org/obo/HAO_0000351"
348,pato,"http://purl.obolibrary.org/obo/PATO_0000070"
349,hao,"http://purl.obolibrary.org/obo/HAO_0000093,http://purl.obolibrary.org/obo/HAO_0000351"
349,pato,"http://purl.obolibrary.org/obo/PATO_0000070"
350,hao,"http://purl.obolibrary.org/obo/HAO_0002511"
350,pato,"http://purl.obolibrary.org/obo/PATO_0000070"
351,hao,"http://purl.obolibrary.org/obo/HAO_0000225,http://purl.obolibrary.org/obo/HAO_0000400"
351,pato,"http://purl.obolibrary.org/obo/PATO_0000070"
352,hao,"http://purl.obolibrary.org/obo/HAO_0001522"
352,pato,"http://purl.obolibrary.org/obo/PATO_0000070"
353,hao,"http://purl.obolibrary.org/obo/HAO_0000967,http://purl.obolibrary.org/obo/HAO_0000400"
353,pato,"http://purl.obolibrary.org/obo/PATO_0000070"
354,hao,"http://purl.obolibrary.org/obo/HAO_0000890,http://purl.obolibrary.org/obo/HAO_0000400"
354,pato,"http://purl.obolibrary.org/obo/PATO_0000070"
355,hao,"http://purl.obolibrary.org/obo/HAO_0000170,http://purl.obolibrary.org/obo/HAO_0000400"
355,pato,"http://purl.obolibrary.org/obo/PATO_0000070"
356,hao,"http://purl.obolibrary.org/obo/HAO_0000237,http://purl.obolibrary.org/obo/HAO_0000519,http://purl.obolibrary.org/obo/HAO_0000400"
356,pato,"http://purl.obolibrary.org/obo/PATO_0000140"
357,hao,"ttp://purl.obolibrary.org/obo/HAO_0001977,http://purl.obolibrary.org/obo/HAO_0000400"
357,pato,"http://purl.obolibrary.org/obo/PATO_0000052"
358,hao,"ttp://purl.obolibrary.org/obo/HAO_0001977,http://purl.obolibrary.org/obo/HAO_0001522,http://purl.obolibrary.org/obo/HAO_0000400"
358,pato,"http://purl.obolibrary.org/obo/PATO_0000140"
359,hao,"http://purl.obolibrary.org/obo/HAO_0000226,http://purl.obolibrary.org/obo/HAO_0000400"
359,pato,"http://purl.obolibrary.org/obo/PATO_0000140"
360,hao,"http://purl.obolibrary.org/obo/HAO_0000717,http://purl.obolibrary.org/obo/HAO_0000400"
360,pato,"http://purl.obolibrary.org/obo/PATO_0000070"
361,hao,"http://purl.obolibrary.org/obo/HAO_0000903,http://purl.obolibrary.org/obo/HAO_0000400"
361,pato,"http://purl.obolibrary.org/obo/PATO_0000070"
362,hao,"http://purl.obolibrary.org/obo/HAO_0000909,http://purl.obolibrary.org/obo/HAO_0000400"
362,pato,"http://purl.obolibrary.org/obo/PATO_0000070"
363,hao,"http://purl.obolibrary.org/obo/HAO_0002069"
363,pato,"http://purl.obolibrary.org/obo/PATO_0000070"
364,hao,"http://purl.obolibrary.org/obo/HAO_0001018"
364,pato,"http://purl.obolibrary.org/obo/PATO_0000052"
365,hao,"http://purl.obolibrary.org/obo/HAO_0001053"
365,pato,"http://purl.obolibrary.org/obo/PATO_0000070"
366,hao,"http://purl.obolibrary.org/obo/HAO_0001053"
366,pato,"http://purl.obolibrary.org/obo/PATO_0000150"
367,hao,"http://purl.obolibrary.org/obo/HAO_0001106,"
367,pato,"http://purl.obolibrary.org/obo/HAO_0000903"
368,hao,"http://purl.obolibrary.org/obo/HAO_0001121"
368,pato,"http://purl.obolibrary.org/obo/PATO_0000052"
369,hao,"http://purl.obolibrary.org/obo/HAO_0000933,http://purl.obolibrary.org/obo/HAO_0001351"
369,pato,"http://purl.obolibrary.org/obo/PATO_0000070"
370,hao,"http://purl.obolibrary.org/obo/HAO_0002069"
370,pato,"http://purl.obolibrary.org/obo/PATO_0000052"
371,hao,"http://purl.obolibrary.org/obo/HAO_0000933,http://purl.obolibrary.org/obo/HAO_0000350"
371,pato,"http://purl.obolibrary.org/obo/PATO_0000070"
372,hao,"http://purl.obolibrary.org/obo/HAO_0000933,http://purl.obolibrary.org/obo/HAO_0000631"
372,pato,"http://purl.obolibrary.org/obo/PATO_0000070"
373,hao,"http://purl.obolibrary.org/obo/HAO_0001686,http://purl.obolibrary.org/obo/HAO_0001351"
373,pato,"http://purl.obolibrary.org/obo/PATO_0000070"
374,hao,"http://purl.obolibrary.org/obo/HAO_0001456"
374,pato,"http://purl.obolibrary.org/obo/PATO_0000070"
375,hao,"http://purl.obolibrary.org/obo/HAO_0000057,http://purl.obolibrary.org/obo/HAO_0000037,http://purl.obolibrary.org/obo/HAO_0000058,http://purl.obolibrary.org/obo/HAO_0000038"
375,pato,"http://purl.obolibrary.org/obo/PATO_0000140"
376,hao,"http://purl.obolibrary.org/obo/HAO_0000378"
376,pato,"http://purl.obolibrary.org/obo/PATO_0000070"
377,hao,"http://purl.obolibrary.org/obo/HAO_0002497"
377,pato,"http://purl.obolibrary.org/obo/PATO_0000070"
378,hao,"http://purl.obolibrary.org/obo/HAO_0001538,http://purl.obolibrary.org/obo/HAO_0001418,http://purl.obolibrary.org/obo/HAO_0001536,http://purl.obolibrary.org/obo/HAO_0001419,http://purl.obolibrary.org/obo/HAO_0001420,http://purl.obolibrary.org/obo/HAO_0001421,http://purl.obolibrary.org/obo/HAO_0001422"
378,pato,"http://purl.obolibrary.org/obo/PATO_0000070"
379,hao,"http://purl.obolibrary.org/obo/HAO_0000035"
379,pato," http://purl.obolibrary.org/obo/PATO_0000141"
380,hao,"http://purl.obolibrary.org/obo/HAO_0000035"
380,pato,"http://purl.obolibrary.org/obo/PATO_0000070"
381,hao,"http://purl.obolibrary.org/obo/HAO_0000053,http://purl.obolibrary.org/obo/HAO_0000056"
381,pato,"http://purl.obolibrary.org/obo/PATO_0000140"
382,hao,"http://purl.obolibrary.org/obo/HAO_0001117"
382,pato,"http://purl.obolibrary.org/obo/PATO_0000070"
383,hao,"http://purl.obolibrary.org/obo/HAO_0001768"
383,pato,"http://purl.obolibrary.org/obo/PATO_0000141"
384,hao,"http://purl.obolibrary.org/obo/HAO_0000679"
384,pato,"http://purl.obolibrary.org/obo/PATO_0000052"
385,hao,"http://purl.obolibrary.org/obo/HAO_0002498"
385,pato,"http://purl.obolibrary.org/obo/PATO_0000070"
386,hao,"http://purl.obolibrary.org/obo/HAO_0001012"
386,pato,"http://purl.obolibrary.org/obo/PATO_0000141"
387,hao,"http://purl.obolibrary.org/obo/HAO_0001619"
387,pato,"http://purl.obolibrary.org/obo/PATO_0000070"
388,hao,"http://purl.obolibrary.org/obo/HAO_0000927"
388,pato,"http://purl.obolibrary.org/obo/PATO_0000070"
389,hao,"http://purl.obolibrary.org/obo/HAO_0002499"
389,pato,"http://purl.obolibrary.org/obo/PATO_0000070"
392,uberon,"http://purl.obolibrary.org/obo/UBERON_0012245"
392,pato,"http://purl.obolibrary.org/obo/PATO_0000070"


